faostat_country_code,m49_code,country,year,production_tonnes,production_flag,area_harvested_ha,area_harvested_flag,yield_kg_ha,yield_flag,production_growth_pct,production_5yr_avg,production_index,major_production_total,major_producer_share_pct,production_direction,alternating_direction,area_growth_pct,yield_growth_pct,growth_interaction_pct,reconstructed_production_growth_pct,growth_difference_pct
203,724,Spain,1961,1863400.0,A,,M,,,,,105.18769404459498,6249888.0,29.814934283622364,,,,,,,
203,724,Spain,1962,1641000.0,A,,M,,,-11.935172265750783,,92.6333615580017,4654200.0,35.258476215031585,decrease,,,,,,
203,724,Spain,1963,3124300.0,A,,M,,,90.39000609384522,,176.3646627152131,8266262.0,37.79580177836125,increase,True,,,,,
203,724,Spain,1964,572700.0,A,,M,,,-81.66949396664853,,32.32853513971211,4362666.0,13.127294182043734,decrease,True,,,,,
203,724,Spain,1965,1656100.0,A,,M,,,189.17408765496768,1771500.0,93.48574654247813,5625915.0,29.436989360841746,increase,True,,,,,
203,724,Spain,1966,2101500.0,A,,M,,,26.894511201014424,1819120.0,118.62828111769687,5624761.0,37.36158745233797,increase,False,,,,,
203,724,Spain,1967,1372000.0,A,,M,,,-34.71330002379253,1765320.0,77.44848998024273,5838572.0,23.498896648015986,decrease,True,,,,,
203,724,Spain,1968,2274300.0,A,,M,,,65.76530612244898,1595320.0,128.38272650296358,6468547.0,35.15936422816438,increase,True,,,,,
203,724,Spain,1969,1738300.0,A,,M,,,-23.567691157718862,1828440.0,98.12588202088625,5680648.0,30.600382209916898,decrease,True,,,,,
203,724,Spain,1970,2100000.0,A,,M,,,20.807685669907382,1917220.0,118.54360711261643,6200075.0,33.87055801744334,increase,True,,,,,
203,724,Spain,1971,1744000.0,A,,M,,,-16.952380952380953,1845720.0,98.44764324019192,7060997.0,24.699061619768425,decrease,True,,,,,
203,724,Spain,1972,2309500.0,A,,M,,,32.42545871559632,2033220.0,130.36974315551794,6407605.0,36.04310815039317,increase,True,,,,,
203,724,Spain,1973,2249400.0,A,,M,,,-2.6022948690192726,2028240.0,126.9771380186283,6675504.0,33.69633214211242,decrease,True,,,,,
203,724,Spain,1974,1640200.0,A,,M,,,-27.082777629590115,2008620.0,92.58820208862547,6265618.0,26.1777848569766,decrease,False,,,,,
203,724,Spain,1975,2357700.0,A,,M,,,43.744665284721385,2060160.0,133.09060118543607,8031393.0,29.356053177823572,increase,True,,,,,
203,724,Spain,1976,2138800.0,A,,M,,,-9.284472155066382,2139120.0,120.73384137736383,6383026.0,33.50761848690574,decrease,True,,,,,
203,724,Spain,1977,1934200.0,A,,M,,,-9.56611183841406,2064060.0,109.18430708439175,7137230.0,27.100149497774346,decrease,False,,,,,
203,724,Spain,1978,2780700.0,A,,M,,,43.76486402647088,2170320.0,156.96867061812023,7521531.0,36.969866906086004,increase,True,,,,,
203,724,Spain,1979,2300100.0,A,,M,,,-17.28341784442766,2302300.0,129.83911939034715,6695858.0,34.35108689580932,decrease,True,,,,,
203,724,Spain,1980,2255000.0,A,1156500.0,A,1949.8,A,-1.9607843137254943,2281760.0,127.29325430426192,8823360.0,25.557157364088056,decrease,False,,,,,
203,724,Spain,1981,1520800.0,A,2045000.0,A,743.7,A,-32.55875831485587,2158160.0,85.84815128422241,6137781.0,24.777684312946324,decrease,False,76.82663207955036,-61.85762642322289,-47.523131065312185,-32.55412540898471,-0.004632905871162052
203,724,Spain,1982,3337900.0,A,2045800.0,A,1631.6,A,119.4831667543398,2438900.0,188.4222410386678,8647969.0,38.597501910564205,increase,True,0.039119804400988833,119.38953879252385,0.04670495405087802,119.47536355097571,0.007803203364090905
203,724,Spain,1983,1328400.0,A,2050400.0,A,647.9,A,-60.20252254411456,2148440.0,74.98729889923793,7345309.0,18.085011808216645,decrease,True,0.2248509140678534,-60.29051238048542,-0.13556376818371377,-60.20122523460128,-0.0012973095132764456
203,724,Spain,1984,3525400.0,A,2039100.0,A,1728.9,A,165.38693164709426,2393500.0,199.00649167372285,7754973.0,45.4598616913302,increase,True,-0.5511119781506091,166.84673560734683,-0.9195123450853657,165.37611128411086,0.010820362983395171
203,724,Spain,1985,1989500.0,A,2051000.0,A,970.0,A,-43.56668746808873,2340400.0,112.305955405024,7463649.0,26.655862300062612,decrease,True,0.5835907998626766,-43.89496211463937,-0.25616696050424276,-43.56753827528094,0.0008508071922079807
203,724,Spain,1986,2556800.0,A,2063000.0,A,1239.4,A,28.514702186479024,2547600.0,144.32966412644652,7356237.0,34.75690084482053,increase,True,0.5850804485616701,27.77319587628866,0.16249553901290095,28.52077186386323,-0.006069677384207495
203,724,Spain,1987,3879000.0,A,2057000.0,A,1885.8,A,51.71307884856071,2655820.0,218.96697713801862,9599038.0,40.41029944875726,increase,False,-0.290838584585551,52.154268194287546,-0.1516847354172181,51.711744874284776,0.0013339742759370665
203,724,Spain,1988,2223700.0,A,2035000.0,A,1092.7,A,-42.67336942510956,2834880.0,125.52639006491673,6949210.0,31.999320786103745,decrease,True,-1.0695187165775444,-42.056421677802525,0.44980130136687374,-42.67613909301319,0.0027696679036282035
203,724,Spain,1989,2945700.0,A,2054000.0,A,1434.1,A,32.46840850834196,2718940.0,166.2828111769687,8376851.0,35.16476537543762,increase,True,0.9336609336609403,31.243708245630074,0.29171029811644994,32.46907947740746,-0.0006709690655029021
203,724,Spain,1990,3369300.0,A,2064000.0,A,1632.4,A,14.380283124554438,2994900.0,190.194750211685,7480895.0,45.03872865479331,increase,False,0.4868549172346581,13.827487622899405,0.06731980342209949,14.381662343556163,-0.0013792190017252182
203,724,Spain,1991,2983000.0,A,2074000.0,A,1438.3,A,-11.46528952601431,3080140.0,168.38837143663562,10249924.0,29.102654809928346,decrease,True,0.4844961240310086,-11.890468022543498,-0.057608856698369765,-11.46358075521086,-0.0017087708034502214
203,724,Spain,1992,3177900.0,A,2051000.0,A,1549.4,A,6.533690915186052,2939920.0,179.39034716342084,8386217.0,37.894321122384504,increase,True,-1.1089681774349103,7.724396857401117,-0.08566110304736066,6.529767576918846,0.003923338267206589
203,724,Spain,1993,2809907.0,A,2092000.0,A,1343.2,A,-11.579753925548319,3057161.4,158.61738639570987,8712182.0,32.25262052606339,decrease,True,1.9990248659190746,-13.30837743642701,-0.2660377742045394,-11.575390344712476,-0.004363580835843095
203,724,Spain,1994,2799000.0,A,2094000.0,A,1336.7,A,-0.3881623128452305,3027821.4,158.0016934801016,8740077.0,32.02488948323911,decrease,False,0.09560229445506607,-0.4839189994044091,-0.00046263766673461257,-0.3887793426160776,0.0006170297708470995
203,724,Spain,1995,1694200.0,A,2119395.0,A,799.4,A,-39.47123972847445,2692801.4,95.63646627152131,7316196.0,23.15684270897062,decrease,False,1.212750716332378,-40.19600508715494,-0.4874773396314706,-39.470731710454025,-0.0005080180204259932
203,724,Spain,1996,4517200.0,A,2125630.0,A,2125.1,A,166.62731672765906,2999641.4,254.99294383291,12376070.0,36.49947034882641,increase,True,0.29418772810165805,165.83687765824368,0.48787174273751327,166.61893712908287,0.008379598576198077
203,724,Spain,1997,5879640.0,A,2207556.0,A,2663.4,A,30.16116178163464,3539989.4,331.9017781541067,12240120.0,48.035803570553234,increase,False,3.8541985199681994,25.33057267893277,0.976290557290896,30.161061756191867,0.00010002544277298853
203,724,Spain,1998,4279180.0,A,2194000.0,A,1950.4,A,-27.220374036505635,3833844.0,241.55687270674568,11479494.0,37.276730141589866,decrease,True,-0.6140727573841875,-26.770293609671846,0.16438908012875486,-27.21997728692728,-0.000396749578357003
203,724,Spain,1999,3460100.0,A,2200000.0,A,1572.8,A,-19.141050388158476,3966064.0,195.32034998588767,10809483.0,32.00985653060373,decrease,False,0.27347310847767314,-19.360131255127154,-0.052944752748753786,-19.139602899398234,-0.0014474887602418107
203,724,Spain,2000,4943800.0,A,2300000.0,E,2149.5,E,42.88026357619723,4615984.0,279.0742308777872,12054127.0,41.013339248873024,increase,True,4.545454545454541,36.66709053916581,1.6666859335984447,42.879231018218796,0.0010325579784336014
203,724,Spain,2001,6762600.0,A,2400000.0,E,2817.8,E,36.78951413892149,5065064.0,381.74428450465706,12172244.0,55.55754551091812,increase,False,4.347826086956519,31.09095138404281,1.3517804949583823,36.79055796595771,-0.0010438270362200797
203,724,Spain,2002,4414911.0,A,2430582.0,A,1816.4,A,-34.71577499778192,4772118.2,249.21879762912783,11944018.0,36.96336525949643,decrease,True,1.27425000000001,-35.53836326211939,-0.45284759386755996,-34.71696085598694,0.0011858582050194855
203,724,Spain,2003,7553566.0,A,2439582.0,A,3096.3,A,71.09214659140355,5426995.4,426.3937905729608,15348287.0,49.21439115648541,increase,True,0.37028168562096564,70.46355428319752,0.26091363654826794,71.09474960536676,-0.0026030139632098326
203,724,Spain,2004,5200029.0,A,2464774.0,A,2109.7,A,-31.157959035507197,5774981.2,293.5381879762913,14606783.0,35.60009757110789,decrease,True,1.032635918776248,-31.863837483448,-0.3290374309545737,-31.160238995626326,0.0022799601191287877
203,724,Spain,2005,4021720.0,A,2465258.0,A,1631.4,A,-22.659662090346032,5590565.2,227.02342647473893,12246314.0,32.84024891081512,decrease,False,0.019636688799873347,-22.67146987723372,-0.004451925986149413,-22.656285114419994,-0.0033769759260380283
203,724,Spain,2006,5679021.0,A,2483697.0,A,2286.5,A,41.20876142545975,5373849.4,320.57696867061816,15038188.0,37.76399789655509,increase,True,0.7479541695027514,40.15569449552532,0.30034619127206846,41.20399485630014,0.004766569159606604
203,724,Spain,2007,6140251.0,A,2470162.0,A,2485.8,A,8.121646318969411,5718917.4,346.6130962461191,13545550.0,45.33039263817268,increase,False,-0.5449537524102155,8.716378744806486,-0.047500233044109386,8.12392475935216,-0.0022784403827493804
203,724,Spain,2008,5570727.0,A,2450471.0,A,2273.3,A,-9.27525601152135,5322349.6,314.46384419983065,14362097.0,38.78769931716796,decrease,True,-0.79715419474512,-8.548555796926538,0.068145171125327,-9.277564820546331,0.0023088090249814286
203,724,Spain,2009,6972094.0,A,2449828.0,A,2846.0,A,25.15590873507174,5676762.6,393.57008185153825,15432459.0,45.17811451823718,increase,True,-0.026239853481224706,25.192451502221424,-0.006610462362511494,25.159601186377685,-0.003692451305944644
203,724,Spain,2010,7197600.0,A,2475466.0,A,2907.6,A,3.234408486173601,6311938.6,406.29974597798474,16270661.0,44.23667852215715,increase,False,1.0465224497393288,2.1644413211524993,0.02265136433729543,3.233615135229124,0.0007933509444773001
203,724,Spain,2011,7820060.0,A,2503675.0,A,3123.4,A,8.648160497943769,6740146.4,441.43720011289867,17415415.0,44.903093035681316,increase,False,1.1395430193749334,7.421928738478467,0.08457607084231343,8.646047828695714,0.002112669248054644
203,724,Spain,2012,3849300.0,A,2504261.0,A,1537.1,A,-50.77659250696287,6281956.2,217.2904318374259,13402224.1,28.721352301518372,decrease,True,0.023405593777137135,-50.787603252865466,-0.011887140106509778,-50.77608479919484,-0.0005077077680297748
203,724,Spain,2013,9276100.0,A,2507000.0,A,3700.1,A,140.98147715168992,7023030.8,523.6296923511148,18788690.11,49.37065833590461,increase,True,0.10937358366400751,140.7195367900592,0.15391000030267923,140.9828203740259,-0.0013432223359757245
203,724,Spain,2014,4560400.0,A,2515800.0,A,1812.7,A,-50.83709748709049,6540692.0,257.4315551792266,12137399.85,37.573121561122505,decrease,True,0.35101715197447536,-51.00943217750871,-0.17905185606784269,-50.837466881602076,0.00036939451158701786
203,724,Spain,2015,5947700.0,A,2351370.0,A,2529.5,A,30.42057714235593,6290712.0,335.7437200112899,16213675.83,36.683230023601624,increase,True,-6.535893155258766,39.543222816792635,-2.584502793451472,30.422826868082403,-0.002249725726471752
203,724,Spain,2016,7082550.0,A,2521694.0,A,2808.6,A,19.080484893320104,6143210.0,399.805249788315,15682583.01,45.16188433680735,increase,False,7.24360691851984,11.033801146471633,0.7992451832215407,19.076653248213013,0.0038316451070912194
203,724,Spain,2017,6549499.0,A,2554829.0,A,2563.6,A,-7.526258197965419,6683249.8,369.71487440022577,16291908.4,40.20093189328268,decrease,True,1.31399765395801,-8.723207291889201,-0.11462273916531818,-7.523832377096509,-0.002425820868909412
203,724,Spain,2018,9819570.0,A,2579000.0,A,3807.5,A,49.92856705528163,6791943.8,554.3082133784928,19799790.64,49.594312276021114,increase,True,0.9460907168346688,48.5216102356062,0.45905845009777074,49.926759402538636,0.0018076527429968792
203,724,Spain,2019,5965080.0,A,2601900.0,A,2292.6,A,-39.25314448596018,7072879.8,336.72480948348857,15929567.76,37.4465904528724,decrease,True,0.8879410624272888,-39.787261982928435,-0.3532874367619435,-39.25260835726309,-0.000536128697085303
203,724,Spain,2020,8137810.0,A,2623720.0,A,3101.6,A,36.42415525022295,7510901.8,459.3739768557719,18635314.45,43.668756016081076,increase,True,0.8386179330489352,35.28744656721625,0.29592685502773636,36.421991355292924,0.0021638949300282206
203,724,Spain,2021,8256550.0,A,2623290.0,A,3147.4,A,1.4591149215821053,7745701.8,466.0767710979396,18259323.94,45.218267812822425,increase,False,-0.01638894394219159,1.4766572091823527,-0.00024200852223122662,1.4600262567179298,-0.0009113351358245314
203,724,Spain,2022,3940070.0,A,2635280.0,A,1495.1,A,-52.279462971822376,7223816.0,222.41433813152693,15889501.07,24.796687968000494,decrease,True,0.45705964647446695,-52.49729935820042,-0.23994397085523345,-52.28018368258119,0.0007207107588129702
203,724,Spain,2023,5101010.0,A,2651110.0,A,1924.1,A,29.464958744387793,6280104.0,287.94863110358455,15091246.96,33.801116723624276,increase,True,0.6006951822956186,28.693732860678224,0.17236187091486888,29.46678991388871,-0.00183116950091744
203,724,Spain,2024,8310250.0,A,2645680.0,A,3141.1,A,62.913815107204265,6749138.0,469.10810047981937,20805338.16,39.942873968648826,increase,False,-0.20481986790438222,63.2503508133673,-0.12954928498499724,62.91598166047792,-0.0021665532736534487
223,792,Türkiye,1961,689324.0,A,391800.0,A,1759.4,A,,,128.27004659094166,6249888.0,11.029381646519106,,,,,,,
223,792,Türkiye,1962,290190.0,A,399393.0,A,726.6,A,-57.902234653080406,,53.998823224239054,4654200.0,6.235013536160887,decrease,,,,,,
223,792,Türkiye,1963,618857.0,A,404760.0,A,1528.9,A,113.25924394362312,,115.1574821464658,8266262.0,7.486539865298244,increase,True,,,,,
223,792,Türkiye,1964,694486.0,A,424347.0,A,1636.6,A,12.220755360285175,,129.23059631864945,4362666.0,15.91884411962777,increase,False,,,,,
223,792,Türkiye,1965,394146.0,A,428347.0,A,920.2,A,-43.24637213709131,537400.6,73.34305171970408,5625915.0,7.005900373539238,decrease,True,,,,,
223,792,Türkiye,1966,840600.0,A,444000.0,A,1893.2,A,113.27122436863499,567655.8,156.41962439193406,5624761.0,14.94463498093519,increase,True,,,,,
223,792,Türkiye,1967,495000.0,A,449667.0,A,1100.8,A,-41.113490364025694,608617.8,92.11005719011108,5838572.0,8.478100467032007,decrease,True,,,,,
223,792,Türkiye,1968,822000.0,A,444707.0,A,1848.4,A,66.06060606060606,649246.4,152.9585192126693,6468547.0,12.707645163589287,increase,True,,,,,
223,792,Türkiye,1969,307800.0,A,447447.0,A,687.9,A,-62.55474452554745,571909.2,57.27570828912361,5680648.0,5.418395929478468,decrease,True,,,,,
223,792,Türkiye,1970,681000.0,A,453673.0,A,1501.1,A,121.24756335282649,629280.0,126.72110898275886,6200075.0,10.98373809994234,increase,True,,,,,
223,792,Türkiye,1971,326000.0,A,457900.0,A,711.9,A,-52.12922173274597,526360.0,60.66238109894183,7060997.0,4.616911747731942,decrease,True,,,,,
223,792,Türkiye,1972,1019000.0,A,460000.0,A,2215.2,A,212.57668711656441,631160.0,189.61646116509735,6407605.0,15.902977789673365,increase,True,,,,,
223,792,Türkiye,1973,332500.0,A,468200.0,A,710.2,A,-67.36997055937192,533260.0,61.87190710244834,6675504.0,4.980897322509282,decrease,True,,,,,
223,792,Türkiye,1974,840000.0,A,474367.0,A,1770.8,A,152.6315789473684,639700.0,156.30797583776425,6265618.0,13.406498768357727,increase,True,,,,,
223,792,Türkiye,1975,561000.0,A,484800.0,A,1157.2,A,-33.214285714285715,615700.0,104.39139814879255,8031393.0,6.985089635135523,decrease,True,,,,,
223,792,Türkiye,1976,1097000.0,A,489780.0,A,2239.8,A,95.54367201426024,769900.0,204.13077320717545,6383026.0,17.186206040833923,increase,True,,,,,
223,792,Türkiye,1977,400000.0,A,493333.0,A,810.8,A,-63.53691886964449,646100.0,74.4323694465544,7137230.0,5.604415158261679,decrease,True,,,,,
223,792,Türkiye,1978,1100000.0,A,490000.0,A,2244.9,A,175.0,799600.0,204.68901597802457,7521531.0,14.624682129210132,increase,True,,,,,
223,792,Türkiye,1979,430000.0,A,490000.0,A,877.6,A,-60.909090909090914,717600.0,80.01479715504598,6695858.0,6.421880511802969,decrease,True,,,,,
223,792,Türkiye,1980,1350000.0,A,491667.0,A,2745.8,A,213.953488372093,875400.0,251.20924688212108,8823360.0,15.3002937656403,increase,True,,,,,
223,792,Türkiye,1981,400000.0,A,506667.0,A,789.5,A,-70.37037037037037,736000.0,74.4323694465544,6137781.0,6.517013233284147,decrease,True,3.050845389257373,-71.24699541117343,-2.1736356744861967,-70.36978569640225,-0.0005846739681203417
223,792,Türkiye,1982,1320000.0,A,497333.0,A,2654.2,A,229.99999999999997,920000.0,245.62681917362949,8647969.0,15.263699488284473,increase,True,-1.8422356301081355,236.18746041798607,-4.3511295496676885,229.99409523821024,0.0059047617897363125
223,792,Türkiye,1983,400000.0,A,499900.0,A,800.2,A,-69.6969696969697,780000.0,74.4323694465544,7345309.0,5.445652456554244,decrease,True,0.5161531609605641,-69.85155602441412,-0.3605410144001528,-69.69594387785371,-0.0010258191159948638
223,792,Türkiye,1984,800000.0,A,500000.0,A,1600.0,A,100.0,854000.0,148.8647388931088,7754973.0,10.315961125847892,increase,True,0.02000400080015563,99.95001249687576,0.01999400129963068,99.99001049897555,0.00998950102444951
223,792,Türkiye,1985,600000.0,A,505667.0,A,1186.6,A,-25.0,704000.0,111.6485541698316,7463649.0,8.03896324706588,decrease,True,1.1333999999999955,-25.837500000000002,-0.2928422249999989,-24.996942225000005,-0.0030577749999949333
223,792,Türkiye,1986,1010000.0,A,513333.0,A,1967.5,A,68.33333333333333,826000.0,187.94173285254985,7356237.0,13.72984584373777,increase,True,1.5160174581295704,65.80987695937975,0.9976892238777867,68.3235836413871,0.00974969194622588
223,792,Türkiye,1987,600000.0,A,526667.0,A,1139.2,A,-40.5940594059406,682000.0,111.6485541698316,9599038.0,6.25062636485031,decrease,True,2.597534154242953,-42.09911054637865,-1.0935387750746823,-40.59511516721038,0.0010557612697823515
223,792,Türkiye,1988,1100000.0,A,528793.0,A,2080.2,A,83.33333333333333,822000.0,204.68901597802457,6949210.0,15.829137412741881,increase,True,0.4036706305882154,82.6018258426966,0.3334393112565928,83.3389357845414,-0.005602451208076786
223,792,Türkiye,1989,500000.0,A,529733.0,A,943.9,A,-54.54545454545454,762000.0,93.040461808193,8376851.0,5.96883005320257,decrease,True,0.1777633213752905,-54.62455533121815,-0.0971024238432567,-54.54389443368611,-0.0015601117684269639
223,792,Türkiye,1990,1100000.0,A,537333.0,A,2047.1,A,120.00000000000001,862000.0,204.68901597802457,7480895.0,14.704122969243652,increase,True,1.4346850205669615,116.87678779531731,1.6768137670192522,119.98828658290353,0.011713417096487433
223,792,Türkiye,1991,640000.0,A,543467.0,A,1177.6,A,-41.81818181818182,788000.0,119.09179111448705,10249924.0,6.2439487356198935,decrease,True,1.1415639836004798,-42.47472033608519,-0.48487610949177723,-41.81803246197649,-0.00014935620532696703
223,792,Türkiye,1992,750000.0,A,541733.0,A,1384.4,A,17.1875,818000.0,139.5606927122895,8386217.0,8.943245804395474,increase,True,-0.31906261097729427,17.56114130434785,-0.056031035963064316,17.186047657407492,0.001452342592507705
223,792,Türkiye,1993,550000.0,A,565039.0,A,973.4,A,-26.66666666666667,708000.0,102.34450798901229,8712182.0,6.312999429993542,decrease,True,4.302119309696839,-29.68795145911587,-1.2772110923760485,-26.66304324179508,-0.0036234248715913964
223,792,Türkiye,1994,1400000.0,A,572410.0,A,2445.8,A,154.54545454545453,888000.0,260.5132930629404,8740077.0,16.018165515017774,increase,True,1.3045117239695037,151.26361208136433,1.9732515537011484,154.541375359035,0.004079186419545522
223,792,Türkiye,1995,515000.0,A,556209.0,A,925.9,A,-63.21428571428571,771000.0,95.83167566243878,7316196.0,7.039177189894858,decrease,True,-2.830313935815232,-62.14326600703246,1.7588495179677692,-63.214730424879924,0.0004447105942162466
223,792,Türkiye,1996,1800000.0,A,568405.0,A,3166.8,A,249.5145631067961,1003000.0,334.94566250949475,12376070.0,14.544196986603986,increase,True,2.192700945148318,242.02397667134682,5.306862023958166,249.5235396404533,-0.0089765336572043
223,792,Türkiye,1997,510000.0,A,657647.0,A,775.5,A,-71.66666666666667,955000.0,94.90127104435686,12240120.0,4.166625817393947,decrease,True,15.700424873109853,-75.51155740810913,-11.855635341375391,-71.66676787637466,0.0001012097079922114
223,792,Türkiye,1998,1650000.0,A,600000.0,A,2750.0,A,223.52941176470588,1175000.0,307.0335239670369,11479494.0,14.373455833506249,increase,True,-8.765644791202575,254.60992907801418,-22.31820198611152,223.5260823007001,0.003329464005787486
223,792,Türkiye,1999,600000.0,A,595000.0,A,1008.4,A,-63.63636363636363,1015000.0,111.6485541698316,10809483.0,5.550681748609069,decrease,True,-0.8333333333333304,-63.330909090909095,0.5277575757575739,-63.636484848484855,0.00012121212122195857
223,792,Türkiye,2000,1800000.0,A,600000.0,A,3000.0,A,200.0,1272000.0,334.94566250949475,12054127.0,14.932645060069468,increase,True,0.8403361344537785,197.50099166997222,1.6596721989073238,200.0010000033333,-0.0010000033333028568
223,792,Türkiye,2001,600000.0,A,600000.0,A,1000.0,A,-66.66666666666667,1032000.0,111.6485541698316,12172244.0,4.929247228366437,decrease,True,0.0,-66.66666666666667,-0.0,-66.66666666666667,0.0
223,792,Türkiye,2002,1800000.0,A,620000.0,A,2903.2,A,200.0,1290000.0,334.94566250949475,11944018.0,15.070305486813568,increase,True,3.3333333333333437,190.32,6.344000000000019,199.99733333333336,0.002666666666641504
223,792,Türkiye,2003,850000.0,A,625000.0,A,1360.0,A,-52.77777777777778,1130000.0,158.1687850739281,15348287.0,5.53807731116834,decrease,True,0.8064516129032251,-53.15513915679251,-0.4286704770709069,-52.77735802096019,-0.00041975681758543715
223,792,Türkiye,2004,1600000.0,A,644000.0,A,2484.5,A,88.23529411764706,1330000.0,297.7294777862176,14606783.0,10.953815087141365,increase,True,3.0399999999999983,82.68382352941177,2.5135882352941166,88.23741176470588,-0.0021176470588244456
223,792,Türkiye,2005,1200000.0,A,662000.0,A,1812.7,A,-25.0,1210000.0,223.2971083396632,12246314.0,9.798866826377308,decrease,True,2.795031055900621,-27.0396458039847,-0.7557664976269015,-25.000381245710983,0.00038124571098308024
223,792,Türkiye,2006,1766749.0,A,711843.0,A,2481.9,A,47.229083333333335,1443349.8,328.75828571832636,15038188.0,11.748416764040986,increase,True,7.529154078549838,36.917305676615,2.779560826041569,47.226020581206406,0.0030627521269295244
223,792,Türkiye,2007,1075854.0,A,753001.0,A,1428.8,A,-39.105441689792954,1298520.6,200.19590599638332,13545550.0,7.942490338155335,decrease,True,5.781892917398923,-42.43120190176881,-2.453326657525608,-39.102635641895496,-0.002806047897458086
223,792,Türkiye,2008,1464248.0,A,774371.0,A,1890.9,A,36.10099511643774,1421370.2,272.46862024344597,14362097.0,10.195224276789107,increase,True,2.837977638807909,32.341825307950735,0.917853770221959,36.0976567169806,0.0033383994571352105
223,792,Türkiye,2009,1290654.0,A,778412.0,A,1658.1,A,-11.855505351552464,1359501.0,240.16608838918305,15432459.0,8.363242695153119,decrease,True,0.5218428892610927,-12.311597651911798,-0.06424719690093737,-11.854001959551644,-0.0015033920008207247
223,792,Türkiye,2010,1415000.0,A,784031.0,A,1804.8,A,9.6343404196632,1402501.0,263.3045069171862,16270661.0,8.69663500456435,increase,True,0.7218542365739378,8.847476026777645,0.06386588052915793,9.633196143880742,0.0011442757824582372
223,792,Türkiye,2011,1750000.0,A,798493.0,A,2191.6,A,23.674911660777376,1399151.2,325.6416163286755,17415415.0,10.048569040703308,increase,False,1.8445699213423872,21.43173758865249,0.39532338518131405,23.67163089517619,0.0032807656011861752
223,792,Türkiye,2012,1820000.0,A,813765.0,A,2236.5,A,4.0000000000000036,1547980.4,338.6672809818225,13402224.1,13.579835603554786,increase,False,1.9126028656481608,2.048731520350433,0.03918409776765951,4.000518483766253,-0.0005184837662497443
223,792,Türkiye,2013,1676000.0,A,825826.0,A,2029.5,A,-7.912087912087918,1590330.8,311.87162798106294,18788690.11,8.920259955258796,decrease,True,1.4821232173907628,-9.255533199195176,-0.13717840643858176,-7.910588388242995,-0.001499523844922912
223,792,Türkiye,2014,1768000.0,A,826092.0,A,2140.2,A,5.4892601431980825,1685800.0,328.9910729537704,12137399.85,14.566546557333696,increase,True,0.03221017502477164,5.454545454545445,0.0017569186377148136,5.4885125482079316,0.0007475949901509793
223,792,Türkiye,2015,1700000.0,A,836935.0,A,2031.2,A,-3.8461538461538436,1742800.0,316.3375701478562,16213675.83,10.484975879772477,decrease,True,1.3125656706516997,-5.09298196430239,-0.06684873287591578,-3.847265026526606,0.001111180372762366
223,792,Türkiye,2016,1730000.0,A,845542.0,A,2046.0,A,1.764705882352935,1738800.0,321.9199978563478,15682583.01,11.031346040998894,increase,True,1.0283952756187764,0.7286333202048079,0.007493230641570476,1.7645218264651548,0.00018405588778014348
223,792,Türkiye,2017,2100000.0,A,846062.0,A,2482.1,A,21.387283236994215,1794800.0,390.7699395944106,16291908.4,12.889834317998005,increase,False,0.06149901483309961,21.314760508308893,0.013108367726644542,21.389367890868638,-0.002084653874423026
223,792,Türkiye,2018,1500467.0,A,864428.0,A,1735.8,A,-28.54919047619048,1759693.4,279.20828521590784,19799790.64,7.578196291473514,decrease,True,2.1707628991728845,-30.067281737238627,-0.6526893967417604,-28.5492082348075,1.7758617023133638e-05
223,792,Türkiye,2019,1525000.0,A,879177.0,A,1734.6,A,1.6350242957692496,1711093.4,283.77340851498866,15929567.76,9.573392216136316,increase,True,1.7062149768401813,-0.06913238852402914,-0.001179547166844328,1.6359030411493078,-0.0008787453800582767
223,792,Türkiye,2020,1316626.0,A,887077.0,A,1484.2,A,-13.663868852459016,1634418.6,244.9989821373478,18635314.45,7.065220195412373,decrease,True,0.89856763768843,-14.43560475037472,-0.1297136725914809,-13.66675078527777,0.0028819328187541515
223,792,Türkiye,2021,1738680.0,A,889168.0,A,1955.4,A,32.05572425274907,1636154.6,323.53518027333797,18259323.94,9.522148824969037,increase,True,0.23571798164083724,31.747742891793564,0.07483513876105817,32.05829601219546,-0.0025717594463898763
223,792,Türkiye,2022,2976000.0,A,901126.0,A,3302.5,A,71.16433156187452,1811354.6,553.7768286823647,15889501.07,18.729348309235487,increase,False,1.3448527162470914,68.89127544236473,0.9264861890439074,71.16261434765573,0.0017172142187860118
223,792,Türkiye,2023,1520000.0,A,903061.0,A,1683.2,A,-48.924731182795696,1815261.2,282.8430038969067,15091246.96,10.072063654042807,decrease,True,0.21473134722558296,-49.03255109765329,-0.10528825755106327,-48.923108007978776,-0.0016231748169204252
223,792,Türkiye,2024,3750000.0,A,913319.0,A,4105.9,A,146.71052631578948,2260261.2,697.8034635614475,20805338.16,18.024220376334416,increase,True,1.1359144066679816,143.93417300380227,1.6349690072686067,146.70505641773886,0.005469898050620259
