country,year,production_tonnes,production_flag,area_harvested_ha,area_harvested_flag,yield_kg_ha,yield_flag
Spain,1961,1863400.0,A,,M,,
Spain,1962,1641000.0,A,,M,,
Spain,1963,3124300.0,A,,M,,
Spain,1964,572700.0,A,,M,,
Spain,1965,1656100.0,A,,M,,
Spain,1966,2101500.0,A,,M,,
Spain,1967,1372000.0,A,,M,,
Spain,1968,2274300.0,A,,M,,
Spain,1969,1738300.0,A,,M,,
Spain,1970,2100000.0,A,,M,,
Spain,1971,1744000.0,A,,M,,
Spain,1972,2309500.0,A,,M,,
Spain,1973,2249400.0,A,,M,,
Spain,1974,1640200.0,A,,M,,
Spain,1975,2357700.0,A,,M,,
Spain,1976,2138800.0,A,,M,,
Spain,1977,1934200.0,A,,M,,
Spain,1978,2780700.0,A,,M,,
Spain,1979,2300100.0,A,,M,,
Spain,1980,2255000.0,A,1156500.0,A,1949.8,A
Spain,1981,1520800.0,A,2045000.0,A,743.7,A
Spain,1982,3337900.0,A,2045800.0,A,1631.6,A
Spain,1983,1328400.0,A,2050400.0,A,647.9,A
Spain,1984,3525400.0,A,2039100.0,A,1728.9,A
Spain,1985,1989500.0,A,2051000.0,A,970.0,A
Spain,1986,2556800.0,A,2063000.0,A,1239.4,A
Spain,1987,3879000.0,A,2057000.0,A,1885.8,A
Spain,1988,2223700.0,A,2035000.0,A,1092.7,A
Spain,1989,2945700.0,A,2054000.0,A,1434.1,A
Spain,1990,3369300.0,A,2064000.0,A,1632.4,A
Spain,1991,2983000.0,A,2074000.0,A,1438.3,A
Spain,1992,3177900.0,A,2051000.0,A,1549.4,A
Spain,1993,2809907.0,A,2092000.0,A,1343.2,A
Spain,1994,2799000.0,A,2094000.0,A,1336.7,A
Spain,1995,1694200.0,A,2119395.0,A,799.4,A
Spain,1996,4517200.0,A,2125630.0,A,2125.1,A
Spain,1997,5879640.0,A,2207556.0,A,2663.4,A
Spain,1998,4279180.0,A,2194000.0,A,1950.4,A
Spain,1999,3460100.0,A,2200000.0,A,1572.8,A
Spain,2000,4943800.0,A,2300000.0,E,2149.5,E
Spain,2001,6762600.0,A,2400000.0,E,2817.8,E
Spain,2002,4414911.0,A,2430582.0,A,1816.4,A
Spain,2003,7553566.0,A,2439582.0,A,3096.3,A
Spain,2004,5200029.0,A,2464774.0,A,2109.7,A
Spain,2005,4021720.0,A,2465258.0,A,1631.4,A
Spain,2006,5679021.0,A,2483697.0,A,2286.5,A
Spain,2007,6140251.0,A,2470162.0,A,2485.8,A
Spain,2008,5570727.0,A,2450471.0,A,2273.3,A
Spain,2009,6972094.0,A,2449828.0,A,2846.0,A
Spain,2010,7197600.0,A,2475466.0,A,2907.6,A
Spain,2011,7820060.0,A,2503675.0,A,3123.4,A
Spain,2012,3849300.0,A,2504261.0,A,1537.1,A
Spain,2013,9276100.0,A,2507000.0,A,3700.1,A
Spain,2014,4560400.0,A,2515800.0,A,1812.7,A
Spain,2015,5947700.0,A,2351370.0,A,2529.5,A
Spain,2016,7082550.0,A,2521694.0,A,2808.6,A
Spain,2017,6549499.0,A,2554829.0,A,2563.6,A
Spain,2018,9819570.0,A,2579000.0,A,3807.5,A
Spain,2019,5965080.0,A,2601900.0,A,2292.6,A
Spain,2020,8137810.0,A,2623720.0,A,3101.6,A
Spain,2021,8256550.0,A,2623290.0,A,3147.4,A
Spain,2022,3940070.0,A,2635280.0,A,1495.1,A
Spain,2023,5101010.0,A,2651110.0,A,1924.1,A
Spain,2024,8310250.0,A,2645680.0,A,3141.1,A
Türkiye,1961,689324.0,A,391800.0,A,1759.4,A
Türkiye,1962,290190.0,A,399393.0,A,726.6,A
Türkiye,1963,618857.0,A,404760.0,A,1528.9,A
Türkiye,1964,694486.0,A,424347.0,A,1636.6,A
Türkiye,1965,394146.0,A,428347.0,A,920.2,A
Türkiye,1966,840600.0,A,444000.0,A,1893.2,A
Türkiye,1967,495000.0,A,449667.0,A,1100.8,A
Türkiye,1968,822000.0,A,444707.0,A,1848.4,A
Türkiye,1969,307800.0,A,447447.0,A,687.9,A
Türkiye,1970,681000.0,A,453673.0,A,1501.1,A
Türkiye,1971,326000.0,A,457900.0,A,711.9,A
Türkiye,1972,1019000.0,A,460000.0,A,2215.2,A
Türkiye,1973,332500.0,A,468200.0,A,710.2,A
Türkiye,1974,840000.0,A,474367.0,A,1770.8,A
Türkiye,1975,561000.0,A,484800.0,A,1157.2,A
Türkiye,1976,1097000.0,A,489780.0,A,2239.8,A
Türkiye,1977,400000.0,A,493333.0,A,810.8,A
Türkiye,1978,1100000.0,A,490000.0,A,2244.9,A
Türkiye,1979,430000.0,A,490000.0,A,877.6,A
Türkiye,1980,1350000.0,A,491667.0,A,2745.8,A
Türkiye,1981,400000.0,A,506667.0,A,789.5,A
Türkiye,1982,1320000.0,A,497333.0,A,2654.2,A
Türkiye,1983,400000.0,A,499900.0,A,800.2,A
Türkiye,1984,800000.0,A,500000.0,A,1600.0,A
Türkiye,1985,600000.0,A,505667.0,A,1186.6,A
Türkiye,1986,1010000.0,A,513333.0,A,1967.5,A
Türkiye,1987,600000.0,A,526667.0,A,1139.2,A
Türkiye,1988,1100000.0,A,528793.0,A,2080.2,A
Türkiye,1989,500000.0,A,529733.0,A,943.9,A
Türkiye,1990,1100000.0,A,537333.0,A,2047.1,A
Türkiye,1991,640000.0,A,543467.0,A,1177.6,A
Türkiye,1992,750000.0,A,541733.0,A,1384.4,A
Türkiye,1993,550000.0,A,565039.0,A,973.4,A
Türkiye,1994,1400000.0,A,572410.0,A,2445.8,A
Türkiye,1995,515000.0,A,556209.0,A,925.9,A
Türkiye,1996,1800000.0,A,568405.0,A,3166.8,A
Türkiye,1997,510000.0,A,657647.0,A,775.5,A
Türkiye,1998,1650000.0,A,600000.0,A,2750.0,A
Türkiye,1999,600000.0,A,595000.0,A,1008.4,A
Türkiye,2000,1800000.0,A,600000.0,A,3000.0,A
Türkiye,2001,600000.0,A,600000.0,A,1000.0,A
Türkiye,2002,1800000.0,A,620000.0,A,2903.2,A
Türkiye,2003,850000.0,A,625000.0,A,1360.0,A
Türkiye,2004,1600000.0,A,644000.0,A,2484.5,A
Türkiye,2005,1200000.0,A,662000.0,A,1812.7,A
Türkiye,2006,1766749.0,A,711843.0,A,2481.9,A
Türkiye,2007,1075854.0,A,753001.0,A,1428.8,A
Türkiye,2008,1464248.0,A,774371.0,A,1890.9,A
Türkiye,2009,1290654.0,A,778412.0,A,1658.1,A
Türkiye,2010,1415000.0,A,784031.0,A,1804.8,A
Türkiye,2011,1750000.0,A,798493.0,A,2191.6,A
Türkiye,2012,1820000.0,A,813765.0,A,2236.5,A
Türkiye,2013,1676000.0,A,825826.0,A,2029.5,A
Türkiye,2014,1768000.0,A,826092.0,A,2140.2,A
Türkiye,2015,1700000.0,A,836935.0,A,2031.2,A
Türkiye,2016,1730000.0,A,845542.0,A,2046.0,A
Türkiye,2017,2100000.0,A,846062.0,A,2482.1,A
Türkiye,2018,1500467.0,A,864428.0,A,1735.8,A
Türkiye,2019,1525000.0,A,879177.0,A,1734.6,A
Türkiye,2020,1316626.0,A,887077.0,A,1484.2,A
Türkiye,2021,1738680.0,A,889168.0,A,1955.4,A
Türkiye,2022,2976000.0,A,901126.0,A,3302.5,A
Türkiye,2023,1520000.0,A,903061.0,A,1683.2,A
Türkiye,2024,3750000.0,A,913319.0,A,4105.9,A
